Average Reward,Min Reward,Max Reward,Advantage Mean,Advantage Std,Average Entropy Loss,Last Entropy Loss,Average Policy Loss,Last Policy Loss,Average Value Loss,Last Value Loss
-0.87141,-3.72598,0.97715,0.0,1.0,1.42,1.42086,-0.00288,-0.00333,10858.463,10803.79102
-2.52356,-7.94122,0.97605,0.0,1.0,1.4192,1.41804,-0.00281,-0.07188,55951.445,50216.3125
-1.05518,-2.61389,0.93413,0.0,1.0,1.4191,1.41948,-0.00179,0.07339,10792.557,11534.78125
-2.1081,-6.91291,0.99068,-0.0,1.0,1.4225,1.42498,-0.00333,0.01733,51727.93,54013.04688
-2.05804,-8.64305,0.98698,0.0,1.0,1.4272,1.42961,-0.00226,0.10387,51255.465,54725.69141
-1.31611,-5.67875,0.97241,-0.0,1.0,1.4325,1.43489,-0.00458,-0.05507,18630.582,18058.21094
-1.18605,-4.75072,0.97761,0.0,1.0,1.4333,1.43097,-0.00259,-0.04169,13747.588,13346.48242
-2.07398,-9.25387,0.98798,-0.0,1.0,1.4325,1.43342,-0.00406,-0.05834,35936.457,32773.37891
-1.64415,-8.15324,0.97505,-0.0,1.0,1.4327,1.43037,-0.00517,0.05973,34035.168,36666.98047
-2.18047,-5.80057,0.96435,0.0,1.0,1.43,1.42887,-0.00258,-0.07379,44676.68,39665.59375
-0.37108,-2.69263,0.91852,0.0,1.0,1.4304,1.43155,-0.00495,0.21814,1300.5023,1711.37744
-1.43087,-6.97929,0.98373,0.0,1.0,1.4335,1.43538,-0.00434,0.01284,21000.383,21086.25195
-2.98238,-7.81763,0.98703,0.0,1.0,1.439,1.44237,-0.00512,0.06702,69078.99,70600.38281
-3.13798,-9.22941,0.98808,-0.0,1.0,1.4435,1.44461,-0.00755,-0.03055,111014.27,103409.33594
-3.27014,-7.30632,0.9742,0.0,1.0,1.4454,1.4447,-0.00401,0.04305,89509.734,91347.04688
-3.27101,-8.15068,0.98718,0.0,1.0,1.4451,1.44517,-0.00714,-0.13052,88814.234,80434.92188
0.11157,-1.73337,0.98788,-0.0,1.0,1.4473,1.44937,-0.00306,0.10749,1231.1693,1007.04822
-1.15023,-4.56318,0.95825,-0.0,1.0,1.4501,1.45059,-0.003,0.32495,7503.949,10175.3291
-0.91097,-4.51803,0.97595,0.0,1.0,1.4503,1.44868,-0.00862,-0.21665,9036.709,8238.96777
-0.01666,-1.43254,0.97764,-0.0,1.0,1.4483,1.44871,-0.00326,-0.04175,760.8878,728.03278
-1.79694,-5.7075,0.98998,-0.0,1.0,1.4516,1.45388,-0.01588,0.24213,22296.611,27881.89648
-1.65102,-6.0248,0.98123,0.0,1.0,1.4509,1.44742,-0.01706,-0.02149,25518.871,25811.93359
-1.05734,-7.30475,0.98968,-0.0,1.0,1.4503,1.45318,-0.00964,-0.06091,19280.63,17884.25977
-1.49113,-5.70543,0.99028,-0.0,1.0,1.4497,1.44674,-0.01,-0.09401,16526.84,15177.52539
-0.1422,-1.70451,0.98488,-0.0,1.0,1.4475,1.44804,-0.00996,-0.03486,1113.6409,960.44519
0.09757,-1.41774,0.99118,0.0,1.0,1.4505,1.4529,-0.00305,0.24246,3053.6365,2304.802
-1.28402,-5.80131,0.98998,-0.0,1.0,1.4498,1.44818,-0.02971,-0.04914,14075.598,14212.35547
-0.14855,-3.0352,0.98798,0.0,1.0,1.444,1.44013,-0.00686,-0.14477,2074.1992,2329.28198
0.38278,-1.09175,0.99168,0.0,1.0,1.4371,1.43419,-0.00692,0.11005,4613.72,4201.10107
0.18419,-2.97784,0.99116,0.0,1.0,1.4303,1.42698,-0.02087,0.05388,4168.4985,3692.57495
-0.41088,-3.05362,0.99068,-0.0,1.0,1.4235,1.4201,-0.01173,-0.0062,1653.926,1631.49255
-0.05253,-2.56638,0.99038,0.0,1.0,1.4176,1.41479,-0.01069,-0.2143,1218.247,1276.52856
0.59891,-0.52685,0.99078,-0.0,1.0,1.4113,1.40811,-0.00458,0.01411,5645.883,5361.19043
-0.45084,-6.14158,0.99128,-0.0,1.0,1.4049,1.40164,-0.00391,0.07913,10877.869,11793.1416
-0.10097,-2.27294,0.99158,-0.0,1.0,1.3976,1.39435,-0.0138,0.0527,2508.2239,2251.13135
0.66406,-3.61291,0.99128,-0.0,1.0,1.3964,1.39757,-0.00804,0.00455,6244.6553,5635.90332
-0.23447,-4.41187,0.98998,-0.0,1.0,1.3983,1.3996,-0.01216,0.13446,6420.2417,7727.32178
0.73264,-0.46522,0.99198,-0.0,1.0,1.3999,1.39937,-0.00902,0.03987,6777.8765,6453.83984
0.70239,-0.27153,0.99078,0.0,1.0,1.4005,1.40135,-0.0107,-0.07623,5845.787,5779.86865
0.58504,-1.32449,0.99048,-0.0,1.0,1.4005,1.39906,-0.00205,-0.12655,3794.2134,3836.22266
0.03993,-2.30745,0.99148,-0.0,1.0,1.3977,1.39635,-0.01302,-0.04997,675.8206,785.24658
0.20759,-4.40484,0.99138,-0.0,1.0,1.3935,1.39191,-0.02209,-0.08258,3942.8228,4243.4209
0.09005,-3.13996,0.99178,0.0,1.0,1.3902,1.39042,-0.00682,0.10385,1915.1394,1956.45325
0.29893,-1.17985,0.99208,0.0,1.0,1.3887,1.38647,-0.00508,-0.04344,1856.2,1965.72754
0.03865,-2.83722,0.99188,-0.0,1.0,1.3824,1.37893,-0.01868,0.06359,2566.3015,2331.58398
0.19273,-4.50557,0.99168,-0.0,1.0,1.3816,1.38416,-0.00236,-0.01403,5641.197,6083.9541
0.28964,-2.2944,0.99128,-0.0,1.0,1.3829,1.38227,-0.01467,-0.09803,1738.3317,1729.17407
-0.30038,-5.64524,0.99048,0.0,1.0,1.379,1.37652,-0.01856,0.09126,10675.881,14062.49219
0.85876,0.45199,0.99058,0.0,1.0,1.3759,1.37592,-0.00581,-0.03144,5874.0303,5820.75586
-0.36583,-3.57337,0.99208,0.0,1.0,1.3724,1.36896,-0.01471,0.02269,3584.4648,3300.27612
0.62393,-3.36592,0.99048,-0.0,1.0,1.3668,1.36418,-0.00451,-0.07334,3155.3804,3283.33545
-0.01453,-3.36223,0.99138,-0.0,1.0,1.3615,1.36071,-0.02109,0.17091,2375.8452,2425.04761
-0.05425,-4.04555,0.99168,0.0,1.0,1.3598,1.35788,-0.00708,0.08021,2560.6465,2671.68335
-1.02225,-3.98635,0.98419,0.0,1.0,1.3553,1.35407,-0.01808,-0.08627,16153.643,15401.76855
0.75949,-0.03676,0.99168,0.0,1.0,1.3558,1.35663,-0.01274,0.17065,4518.978,4119.39111
-0.00369,-2.02149,0.98558,-0.0,1.0,1.3537,1.35134,-0.01196,-0.01732,1136.0707,1271.60352
-0.55433,-3.70453,0.98998,-0.0,1.0,1.3501,1.34816,-0.00968,-0.15495,4575.279,3587.0835
0.08551,-2.39383,0.99168,0.0,1.0,1.3507,1.35321,-0.00678,-0.06329,3266.886,3292.00903
0.55629,-1.22954,0.99088,-0.0,1.0,1.3544,1.35382,-0.00341,-0.01909,2878.1938,2865.06787
0.01922,-4.02125,0.99218,-0.0,1.0,1.3519,1.35092,-0.01533,-0.05097,5782.9595,5591.11426
0.8006,0.15888,0.99158,0.0,1.0,1.3526,1.35344,-0.00874,0.00504,5053.8486,4939.80664
-0.26377,-5.09196,0.99108,-0.0,1.0,1.3499,1.34744,-0.0311,-0.02602,8568.424,10118.37598
0.64836,-0.55455,0.99168,0.0,1.0,1.3448,1.34233,-0.00806,0.10287,3290.9292,2980.52173
0.19092,-1.78979,0.99208,0.0,1.0,1.3435,1.34497,-0.00402,0.00492,1592.3407,1418.39929
0.38611,-3.96997,0.99168,-0.0,1.0,1.3448,1.34415,-0.00907,-0.19637,3211.9011,2545.25879
0.64715,-0.36274,0.99178,0.0,1.0,1.3444,1.34462,-0.00525,-0.12196,3101.4087,3222.31079
0.11602,-1.65011,0.99178,-0.0,1.0,1.3413,1.33904,-0.02416,0.06246,917.98566,1019.8064
0.09733,-1.88861,0.99088,-0.0,1.0,1.3368,1.33672,-0.01074,0.02509,1344.8237,1470.32715
0.42266,-1.82601,0.99168,0.0,1.0,1.3355,1.33467,-0.00258,0.17312,1919.9344,1656.25879
0.05257,-2.70866,0.98968,-0.0,1.0,1.3309,1.32827,-0.01756,0.07718,1344.8704,1424.89929
0.81595,-0.00069,0.99198,0.0,1.0,1.3299,1.33164,-0.00832,-0.13286,4673.046,4936.6748
0.56941,-1.37646,0.99188,-0.0,1.0,1.3285,1.32579,-0.00539,-0.07272,2185.978,2325.29883
0.79621,-0.18517,0.99188,-0.0,1.0,1.3256,1.32456,-0.00552,-0.02493,4570.7954,4617.50098
-0.1254,-6.12267,0.99148,0.0,1.0,1.3213,1.31894,-0.02424,-0.0655,8773.898,7668.99072
0.76623,-0.11124,0.99198,0.0,1.0,1.3187,1.31787,-0.00512,-0.0356,3992.841,3996.72485
0.58772,-1.17659,0.99188,0.0,1.0,1.3175,1.31669,-0.00719,0.06747,2367.2402,2157.87964
-0.13808,-5.30031,0.99158,-0.0,1.0,1.3159,1.31566,-0.00619,0.08994,7180.846,7445.08154
0.52378,-0.8456,0.99158,0.0,1.0,1.3137,1.3118,-0.00722,0.04063,2056.1616,1982.55029
0.51995,-1.46186,0.99198,-0.0,1.0,1.3095,1.30853,-0.01328,-0.17719,1968.7836,2219.95874
0.7457,-0.64685,0.99168,-0.0,1.0,1.3078,1.30689,-0.00295,0.03712,3710.804,3652.26685
0.65355,-0.98868,0.99188,-0.0,1.0,1.3054,1.30305,-0.01118,-0.03549,2898.628,2866.04004
0.75475,-0.6993,0.99218,0.0,1.0,1.3016,1.30057,-0.00527,0.00283,3630.5098,3519.60962
0.69969,-0.83421,0.99208,0.0,1.0,1.2989,1.2975,-0.0034,0.07471,3835.5806,3631.3667
0.25463,-1.88999,0.98928,-0.0,1.0,1.2994,1.30127,-0.01139,-0.03412,1760.5372,1677.99182
0.62768,-0.19528,0.99218,0.0,1.0,1.3033,1.30386,-0.0091,-0.1431,2330.6978,2409.75903
-0.04592,-4.57371,0.99168,0.0,1.0,1.2999,1.29648,-0.0225,-0.01846,4471.7573,4760.3252
0.39564,-1.52596,0.99108,0.0,1.0,1.2978,1.29788,-0.01137,-0.14776,1318.0157,1402.77039
0.40266,-3.61776,0.99188,-0.0,1.0,1.2935,1.28939,-0.00401,-0.23133,2143.7368,2374.59961
-0.70328,-4.6024,0.99198,0.0,1.0,1.2877,1.28619,-0.01055,0.02178,10715.786,10817.29395
0.58691,-1.16177,0.99178,-0.0,1.0,1.2872,1.28716,-0.00503,0.11906,3203.3936,2863.7583
-0.63465,-5.83298,0.99208,-0.0,1.0,1.2842,1.28277,-0.02364,-0.08408,13813.873,11261.34082
0.42814,-2.06904,0.99188,0.0,1.0,1.2818,1.28249,-0.0073,0.12482,1352.8982,1126.26294
-0.85137,-6.24551,0.99218,-0.0,1.0,1.2803,1.27876,-0.02798,0.11666,21714.363,24280.25195
0.84499,0.12174,0.99218,-0.0,1.0,1.2783,1.27752,-0.00672,-0.14216,4295.5806,4492.96777
0.36474,-2.3714,0.98898,0.0,1.0,1.2753,1.2736,-0.00281,0.02529,2345.6284,2436.94556
-0.1279,-5.04136,0.98918,-0.0,1.0,1.2721,1.27083,-0.00624,0.01518,3238.092,3004.15503
0.06116,-4.52182,0.99158,0.0,1.0,1.268,1.2663,-0.01214,-0.15798,2738.28,2406.66064
0.36566,-1.9142,0.98948,0.0,1.0,1.2648,1.26415,-0.01054,-0.01045,2064.8127,2019.33447
0.66272,-1.08586,0.99158,0.0,1.0,1.2616,1.25883,-0.00677,0.08059,2434.5977,2196.19507
0.50063,-0.87589,0.99018,-0.0,1.0,1.2551,1.25179,-0.00454,-0.0569,1173.8616,1219.9989
0.59795,-1.8178,0.99188,0.0,1.0,1.2519,1.25241,-0.00529,0.10365,2505.1094,2212.53198
0.69291,-0.63585,0.99218,-0.0,1.0,1.2523,1.25166,-0.00532,-0.22877,2432.3987,2639.68164
0.335,-2.92403,0.99138,-0.0,1.0,1.2479,1.24442,-0.00743,-0.10921,1981.4238,1818.96973
-0.46517,-4.85097,0.99058,-0.0,1.0,1.2446,1.24362,-0.01326,0.06038,12089.641,11560.72754
0.45459,-2.25182,0.99188,0.0,1.0,1.2427,1.24159,-0.01604,-0.09791,1379.1263,1252.84583
0.75885,-0.18751,0.99208,0.0,1.0,1.2403,1.23889,-0.00461,0.02451,2302.6228,2126.33691
0.75591,-0.27299,0.99198,0.0,1.0,1.2404,1.24134,-0.00941,-0.12079,2229.8926,2201.1687
0.49795,-2.30436,0.98988,0.0,1.0,1.2411,1.2407,-0.00351,0.10662,907.16766,864.72034
0.10987,-5.68301,0.99118,-0.0,1.0,1.2412,1.24164,-0.01005,0.01854,7735.505,7387.6748
-0.00692,-4.31142,0.99108,-0.0,1.0,1.2443,1.24626,-0.01497,0.20353,4370.2295,5835.43994
0.5664,-1.79728,0.99218,-0.0,1.0,1.2433,1.24128,-0.01286,0.10583,1134.7926,1048.87036
0.54741,-1.51099,0.99188,-0.0,1.0,1.2414,1.24049,-0.0143,-0.27553,1778.4609,2158.49805
-0.18536,-4.66112,0.99208,-0.0,1.0,1.238,1.23737,-0.01757,-0.03152,6819.848,5577.60254
0.66141,-1.45342,0.99208,-0.0,1.0,1.2354,1.23291,-0.00342,0.12478,1440.9309,1260.58521
0.82814,0.03813,0.99198,0.0,1.0,1.2315,1.2294,-0.00719,-0.14288,2214.8423,2287.50708
0.81164,-0.04477,0.99178,0.0,1.0,1.23,1.23056,-0.00895,-0.0183,1970.1353,1894.95007
0.83645,0.10313,0.99208,0.0,1.0,1.2318,1.23175,-0.00485,-0.00601,1889.2228,1726.823
0.68899,-0.45187,0.99218,0.0,1.0,1.2317,1.23021,-0.00786,0.01699,817.3411,678.8186
0.32192,-1.15559,0.99188,0.0,1.0,1.229,1.22882,-0.00337,-0.04306,438.59973,431.88071
0.61971,-1.4091,0.99218,-0.0,1.0,1.2304,1.23058,-0.00541,0.2711,869.9403,850.78186
0.81597,-0.52631,0.99178,-0.0,1.0,1.2315,1.23155,-0.00382,-0.18391,1368.5094,1359.86694
-0.47286,-5.38144,0.99108,-0.0,1.0,1.2284,1.22619,-0.01828,0.04345,13841.034,14230.57227
0.31459,-2.34352,0.99128,0.0,1.0,1.2261,1.22721,-0.00307,-0.00861,2485.359,2479.50977
0.76816,-0.08898,0.99078,0.0,1.0,1.2254,1.22325,-0.00542,0.15375,1102.2415,862.91272
-0.60744,-5.57233,0.99143,0.0,1.0,1.2198,1.21769,-0.02172,0.0754,17328.367,18169.15625
0.70838,-0.5622,0.99138,-0.0,1.0,1.2176,1.21747,-0.00828,-0.0508,1132.1489,1084.36731
0.31492,-1.82165,0.99068,0.0,1.0,1.2158,1.21396,-0.00404,0.02735,918.33826,956.71338
0.23888,-5.05693,0.99118,-0.0,1.0,1.2171,1.21949,-0.00856,-0.18177,5801.097,4159.04492
0.18125,-2.16336,0.99078,0.0,1.0,1.2218,1.22317,-0.01202,0.17404,3016.1099,3275.45605
-0.13733,-5.45182,0.99218,0.0,1.0,1.2208,1.21832,-0.00833,-0.25155,6336.322,3789.78613
-0.97896,-3.57933,0.98238,-0.0,1.0,1.2213,1.22364,-0.01918,-0.00894,15355.6875,14955.84375
0.56414,-1.14859,0.98848,0.0,1.0,1.2222,1.22074,-0.00325,-0.15991,982.4503,960.83038
0.31941,-1.7713,0.99188,-0.0,1.0,1.2171,1.21443,-0.01451,0.08373,707.54205,837.70587
-0.13277,-3.95627,0.99218,-0.0,1.0,1.2113,1.20944,-0.01893,-0.16062,5111.8555,3519.16577
0.02985,-2.63771,0.99198,0.0,1.0,1.2071,1.20577,-0.01413,-0.21405,2155.2798,1363.69507
0.38758,-1.64824,0.99168,0.0,1.0,1.2082,1.20995,-0.00784,-0.12004,646.46906,615.75226
0.54006,-1.40718,0.99098,-0.0,1.0,1.2085,1.2075,-0.00515,-0.0494,967.8861,1004.71777
0.72227,-0.15932,0.98758,-0.0,1.0,1.2073,1.20619,-0.01317,0.08704,1388.1991,1220.9054
-0.2211,-2.08336,0.99148,0.0,1.0,1.2055,1.20611,-0.01497,-0.27384,3581.0374,2452.31689
0.62429,-0.37819,0.99158,-0.0,1.0,1.2062,1.20642,-0.00489,-0.02085,889.8573,875.07513
-0.13425,-5.3651,0.99208,-0.0,1.0,1.2041,1.20312,-0.01033,0.08388,9581.484,10174.76172
0.14561,-2.48989,0.99168,0.0,1.0,1.2046,1.20484,-0.00752,0.05698,3060.2341,2971.67725
0.23929,-4.04282,0.99138,0.0,1.0,1.2057,1.20765,-0.00692,-0.1172,2698.224,1803.95728
0.47209,-0.70677,0.98928,-0.0,1.0,1.2075,1.20738,-0.00816,0.15085,594.86194,446.73334
0.68128,-0.9762,0.99148,-0.0,1.0,1.2058,1.20431,-0.00359,0.10545,1341.9026,1165.28394
0.73305,-0.34612,0.99098,-0.0,1.0,1.2024,1.20043,-0.00546,-0.10707,1344.5786,1233.92603
0.56182,-1.31756,0.99158,0.0,1.0,1.201,1.20111,-0.00618,-0.0161,1719.3203,1590.07861
0.49685,-1.34565,0.99168,-0.0,1.0,1.2028,1.20366,-0.00544,0.01098,499.6621,432.69397
0.07154,-5.14377,0.99078,-0.0,1.0,1.2019,1.20191,-0.0142,-0.07071,6147.946,5154.25488
0.80242,-0.00846,0.99148,0.0,1.0,1.201,1.20049,-0.0061,-0.06624,1484.768,1313.32068
-0.02284,-5.15278,0.98918,-0.0,1.0,1.1989,1.1976,-0.01301,-0.24684,4248.459,1703.48999
0.72911,-3.90904,0.98808,0.0,1.0,1.1974,1.1965,-0.00678,-0.10669,1279.3938,1080.9834
-0.41443,-4.37839,0.99075,0.0,1.0,1.1961,1.19701,-0.00989,-0.12959,7893.5806,6813.13672
0.36582,-2.48923,0.99018,-0.0,1.0,1.1933,1.18985,-0.00363,0.11826,1453.6852,1652.23279
0.72905,-0.77329,0.99158,-0.0,1.0,1.1868,1.18437,-0.00186,-0.04193,1028.8734,883.36823
0.83995,0.3161,0.99218,0.0,1.0,1.1842,1.18331,-0.00378,0.05125,1409.8258,1188.61304
0.70757,-0.46692,0.99218,-0.0,1.0,1.1809,1.17904,-0.00563,0.07434,519.8289,374.33282
-0.02817,-4.49453,0.99188,-0.0,1.0,1.1782,1.17848,-0.0158,-0.08791,6911.501,6488.44141
0.27875,-3.4631,0.99188,0.0,1.0,1.176,1.17534,-0.02289,0.1624,3572.4734,4330.28516
0.51756,-1.97019,0.99118,0.0,1.0,1.1742,1.17436,-0.01162,0.0661,925.9336,831.2868
0.61515,-0.61267,0.99068,0.0,1.0,1.172,1.16956,-0.00202,0.09407,379.5327,308.93414
0.53282,-1.13219,0.99048,-0.0,1.0,1.1696,1.16953,-0.00797,-0.06153,1112.6039,958.14124
0.4548,-1.22289,0.99218,-0.0,1.0,1.1689,1.16945,-0.00997,-0.19468,1158.2008,995.16199
0.23894,-4.08912,0.98898,0.0,1.0,1.1695,1.16812,-0.01098,-0.04318,3224.8057,3079.77295
0.56423,-1.37553,0.99168,0.0,1.0,1.1658,1.1646,-0.00795,-0.14766,637.2875,579.86121
0.86667,0.28478,0.99198,-0.0,1.0,1.1667,1.16864,-0.00841,-0.03878,1714.1478,1664.49231
0.11515,-2.02486,0.98988,-0.0,1.0,1.1654,1.16239,-0.01194,-0.12686,3050.0996,2366.13672
-0.45397,-4.19161,0.99049,0.0,1.0,1.1635,1.16587,-0.00529,0.04682,10878.427,11457.59766
0.47797,-1.6003,0.99014,0.0,1.0,1.1641,1.16154,-0.0081,0.03881,763.9558,831.48346
0.71915,-0.99124,0.99168,-0.0,1.0,1.1607,1.16004,-0.00653,-0.10336,988.6359,887.27478
-1.21228,-5.14424,0.99088,-0.0,1.0,1.1587,1.15799,-0.02952,-0.15961,32161.135,27203.16016
0.58723,-1.21369,0.99051,0.0,1.0,1.1579,1.1582,-0.00833,-0.02872,971.05194,965.37158
0.57302,-0.6837,0.99168,-0.0,1.0,1.1572,1.15599,-0.00849,0.1531,334.80014,301.98575
-0.11315,-3.14129,0.99108,0.0,1.0,1.1526,1.15026,-0.01072,-0.18394,5168.529,3298.04321
0.36873,-1.16143,0.98918,-0.0,1.0,1.1475,1.1462,-0.02369,0.07624,416.42087,405.67868
0.1382,-2.38163,0.99198,0.0,1.0,1.1453,1.14621,-0.01875,0.04306,2890.3035,3058.39917
0.4475,-1.62833,0.98978,-0.0,1.0,1.1456,1.14512,-0.00651,0.12534,853.4984,772.6637
0.58641,-1.0864,0.99028,-0.0,1.0,1.1442,1.14277,-0.00792,-0.0704,707.1043,612.10687
0.75983,0.12497,0.99168,-0.0,1.0,1.1411,1.13887,-0.00716,0.08243,999.04456,981.81055
-0.57771,-4.77759,0.98938,0.0,1.0,1.1362,1.1352,-0.02805,-0.21259,17638.979,13678.48047
0.78649,-0.80421,0.99186,-0.0,1.0,1.1364,1.13708,-0.00472,0.03445,1101.1108,971.02966
0.50542,-1.50595,0.99188,-0.0,1.0,1.1357,1.1343,-0.00381,-0.15617,419.83765,375.52252
0.53324,-1.40408,0.99068,0.0,1.0,1.1321,1.12948,-0.00514,0.21306,573.2188,738.65808
0.43772,-1.65635,0.99047,0.0,1.0,1.1305,1.13228,-0.011,0.04331,1010.6803,1089.50537
0.38266,-1.17168,0.98893,0.0,1.0,1.1327,1.13195,-0.01424,0.00436,528.62573,518.63513
0.79923,-0.22969,0.99174,-0.0,1.0,1.1313,1.12955,-0.00694,-0.19894,998.16,981.29797
0.70611,-0.29085,0.99048,0.0,1.0,1.129,1.12899,-0.0051,0.00571,475.05972,447.68222
0.022,-2.40893,0.98998,0.0,1.0,1.1267,1.12611,-0.01951,-0.33555,3737.664,2333.55273
0.30455,-1.59879,0.9898,0.0,1.0,1.1238,1.12194,-0.0123,0.28992,996.1045,1123.45959
0.39583,-1.81883,0.9908,0.0,1.0,1.1197,1.1179,-0.01709,0.22093,331.30902,421.57632
0.0748,-2.97599,0.98858,-0.0,1.0,1.1151,1.11224,-0.02174,0.02736,4130.9683,3776.19238
0.19672,-2.65605,0.99138,0.0,1.0,1.1113,1.1111,-0.0206,0.13461,1313.5846,1353.82373
0.67687,-0.88966,0.99076,0.0,1.0,1.1089,1.10592,-0.01224,0.00408,914.3918,811.62097
-0.32037,-2.96126,0.98441,-0.0,1.0,1.1062,1.10515,-0.00632,-0.03193,4201.133,3946.85498
0.77999,-1.13087,0.9916,-0.0,1.0,1.1045,1.10298,-0.01452,-0.10166,1599.9442,1525.68823
0.56315,-0.53471,0.98908,-0.0,1.0,1.1023,1.10151,-0.00209,-0.28464,335.37552,366.57489
0.71889,-0.36072,0.98897,0.0,1.0,1.1011,1.10002,-0.0021,0.16772,702.3146,668.38531
0.63225,-1.04355,0.98708,0.0,1.0,1.0987,1.09669,-0.00504,-0.03343,397.94955,437.16827
-0.29389,-3.2622,0.98958,0.0,1.0,1.0938,1.09223,-0.02439,-0.08722,8727.877,7316.12109
0.58447,-2.51759,0.98759,0.0,1.0,1.0911,1.08974,-0.0026,0.26434,535.9528,612.50098
0.51251,-1.40817,0.99136,-0.0,1.0,1.0872,1.08495,-0.00775,-0.07264,323.70538,272.78409
0.29105,-1.90655,0.98582,0.0,1.0,1.0865,1.08816,-0.00803,0.11919,1324.3806,1534.57227
0.62119,-0.53272,0.99018,-0.0,1.0,1.0865,1.08449,-0.00376,-0.13272,605.7687,615.17932
0.7521,-0.18009,0.99208,-0.0,1.0,1.0842,1.08278,-0.00743,0.00072,764.1266,729.09448
-0.04694,-2.18516,0.98998,0.0,1.0,1.0804,1.07842,-0.0213,0.10486,2191.3474,2440.40259
0.00306,-2.66987,0.99071,0.0,1.0,1.0766,1.07522,-0.00558,0.00936,3739.784,3782.43628
0.78973,-0.50221,0.99168,-0.0,1.0,1.0738,1.07212,-0.01062,0.01403,1189.5753,981.66016
0.01439,-2.31555,0.98764,0.0,1.0,1.0719,1.07114,-0.00795,-0.00643,4630.6196,4500.74268
0.58832,-0.4362,0.98682,0.0,1.0,1.072,1.07298,-0.00452,0.31726,580.33527,487.67407
0.72742,-0.32573,0.99048,-0.0,1.0,1.0724,1.07081,-0.00558,0.06995,635.9136,505.91248
0.25138,-1.99098,0.98798,-0.0,1.0,1.0703,1.07019,-0.00528,-0.07995,1365.7465,1033.76245
0.20515,-2.18231,0.98469,-0.0,1.0,1.071,1.07172,-0.0031,0.06346,833.70544,725.61511
-0.6623,-4.56528,0.9858,0.0,1.0,1.0693,1.06815,-0.01006,0.14071,13557.175,15338.41211
0.12021,-1.4086,0.98614,0.0,1.0,1.0649,1.06271,-0.00703,0.09854,541.9482,454.11514
0.06109,-1.76217,0.97836,0.0,1.0,1.0596,1.05667,-0.02375,-0.04613,995.3916,791.89874
-0.34941,-5.61435,0.99061,0.0,1.0,1.0561,1.05646,-0.01731,0.17369,5427.618,8790.56641
0.09353,-2.40392,0.98698,-0.0,1.0,1.0547,1.05421,-0.01332,-0.22237,1639.2483,1698.4436
-0.0728,-4.90508,0.98767,0.0,1.0,1.0541,1.05398,-0.01395,-0.0032,4021.7546,3678.33911
0.47576,-1.23893,0.9899,-0.0,1.0,1.0538,1.05318,-0.0124,-0.11514,1561.6129,1404.1167
0.41198,-1.98158,0.98796,0.0,1.0,1.0548,1.05625,-0.00363,0.13447,1871.8372,2005.79553
-0.22988,-3.85927,0.98321,-0.0,1.0,1.054,1.05305,-0.03044,-0.15299,4097.1606,3460.52417
0.30632,-1.99691,0.98558,-0.0,1.0,1.0494,1.04584,-0.02288,-0.01941,788.4879,757.10645
0.53143,-1.00961,0.99108,0.0,1.0,1.0439,1.04135,-0.00985,0.1005,889.47614,737.94135
0.73787,-0.54643,0.99168,-0.0,1.0,1.0412,1.0414,-0.00623,0.27837,1645.487,1239.95154
0.56342,-0.8953,0.98547,-0.0,1.0,1.0393,1.03737,-0.00888,-0.09736,485.87476,398.25269
0.57995,-1.26665,0.99062,-0.0,1.0,1.0395,1.04096,-0.00535,0.15018,1010.4248,816.98669
0.51039,-1.70271,0.98877,0.0,1.0,1.0413,1.04056,-0.00728,0.15373,502.55157,527.43311
-0.08272,-3.28313,0.9885,-0.0,1.0,1.0389,1.03692,-0.0078,0.03608,3828.1108,3844.11719
-0.00819,-3.08653,0.98678,0.0,1.0,1.0359,1.03432,-0.0073,-0.20682,2890.9802,2061.25635
0.43235,-2.39674,0.98939,0.0,1.0,1.0307,1.02746,-0.00437,-0.04115,1029.3369,1034.83154
0.38219,-1.58369,0.98743,-0.0,1.0,1.0287,1.02998,-0.00909,-0.04305,804.363,736.03162
0.04329,-2.87004,0.99018,0.0,1.0,1.0285,1.02602,-0.02329,0.06082,2913.4492,3280.27319
-0.16197,-1.9186,0.98848,-0.0,1.0,1.0239,1.02218,-0.00839,-0.16631,2025.0598,1591.87329
0.12187,-4.61489,0.9834,0.0,1.0,1.0234,1.02486,-0.00617,-0.00091,3115.7751,2946.09619
0.32947,-1.31711,0.98835,-0.0,1.0,1.0219,1.01906,-0.00771,-0.27206,686.24225,624.13983
0.25948,-1.60356,0.98598,0.0,1.0,1.0193,1.02033,-0.00406,0.07532,943.5414,892.59955
0.59411,-0.69182,0.98635,-0.0,1.0,1.0173,1.01416,-0.00525,-0.04506,718.0848,626.81238
0.48454,-1.39359,0.99198,0.0,1.0,1.0148,1.01555,-0.00631,0.13168,691.8796,548.59351
0.53227,-0.53021,0.99198,-0.0,1.0,1.0139,1.01241,-0.0056,0.16818,333.82675,294.45822
0.38472,-1.21821,0.98738,-0.0,1.0,1.0119,1.01198,-0.00194,0.0898,387.17023,345.63348
0.27685,-3.0628,0.98578,0.0,1.0,1.0148,1.01743,-0.01885,0.10507,2846.5903,3255.78857
0.4446,-1.48344,0.98988,-0.0,1.0,1.0149,1.0122,-0.00663,0.0681,858.3922,872.78894
0.53149,-0.75941,0.99028,-0.0,1.0,1.0104,1.00982,-0.01191,0.04724,318.13123,276.23837
0.43089,-1.65872,0.98448,-0.0,1.0,1.0071,1.00488,-0.01279,-0.02792,677.09784,704.37482
0.25119,-1.15923,0.98299,0.0,1.0,1.0047,1.00579,-0.00444,0.16629,446.6661,434.27573
0.26012,-2.58227,0.98746,-0.0,1.0,1.007,1.00829,-0.00729,-0.12883,1301.6954,911.90002
0.13044,-1.52943,0.98742,-0.0,1.0,1.0088,1.00918,-0.0137,-0.10631,1450.3783,1271.03345
0.03729,-2.43038,0.98808,0.0,1.0,1.0068,1.00545,-0.01368,-0.00981,814.7034,691.61603
0.72056,-0.9524,0.98548,-0.0,1.0,1.0059,1.0061,-0.01053,-0.14264,1701.8894,1610.98657
-0.18347,-2.60023,0.99114,0.0,1.0,1.0072,1.00879,-0.00862,-0.26004,5670.3467,4492.05664
-0.2324,-2.63702,0.98338,-0.0,1.0,1.006,1.00385,-0.00805,0.03816,2966.079,2826.14478
-0.15466,-3.69679,0.99168,0.0,1.0,1.0013,0.99982,-0.03293,0.0804,6453.8555,6799.16895
0.38797,-1.46709,0.99173,0.0,1.0,0.9998,0.99866,-0.00916,-0.10852,844.7078,863.21265
0.55191,-1.31302,0.98918,0.0,1.0,1.0007,1.00207,-0.00573,-0.25807,1467.2014,1580.0459
0.15284,-1.83406,0.99098,-0.0,1.0,0.9998,0.99757,-0.00727,-0.04774,271.46826,235.59244
0.16173,-2.2613,0.98218,-0.0,1.0,0.9946,0.99214,-0.01441,0.05037,1331.2891,1220.16272
0.33107,-2.10902,0.99148,-0.0,1.0,0.9903,0.98918,-0.01747,-0.19353,557.39844,564.49426
0.72675,-0.27772,0.98967,0.0,1.0,0.9875,0.98636,-0.00346,0.08946,2256.2136,1893.83752
0.33292,-1.27859,0.99138,0.0,1.0,0.9857,0.98576,-0.01173,0.06506,600.874,686.81415
0.75853,-0.85111,0.99088,0.0,1.0,0.9851,0.98406,-0.00667,0.12008,1402.6945,1055.57666
0.08978,-4.39035,0.98958,-0.0,1.0,0.9818,0.97998,-0.00548,-0.01856,4118.675,4741.6709
0.61727,-0.87109,0.99148,-0.0,1.0,0.9796,0.97956,-0.00571,0.10151,1157.7413,867.71667
-0.07423,-3.49377,0.99118,-0.0,1.0,0.9782,0.97694,-0.00944,0.17579,2059.1863,2784.98315
0.28386,-2.57016,0.99158,0.0,1.0,0.9744,0.97181,-0.00966,-0.0356,2074.184,1890.43616
0.61707,-0.87812,0.99088,0.0,1.0,0.9719,0.97117,-0.00937,0.01414,904.41016,749.21216
0.5313,-1.69122,0.98988,-0.0,1.0,0.9703,0.96988,-0.01406,0.04278,868.5611,913.24573
0.46069,-1.40358,0.99158,-0.0,1.0,0.9679,0.96577,-0.00273,-0.10487,507.3506,474.41974
0.4266,-1.14958,0.99104,-0.0,1.0,0.9654,0.96496,-0.00759,0.00015,260.664,254.40474
0.79733,-0.06664,0.99036,0.0,1.0,0.9643,0.96323,-0.0065,-0.15005,1285.5359,1211.6488
0.41173,-2.92668,0.99041,0.0,1.0,0.9621,0.95947,-0.0163,-0.00653,1095.4437,1124.99255
-0.06337,-2.41802,0.98986,-0.0,1.0,0.9573,0.95522,-0.00891,-0.07067,1208.7484,975.73352
0.79979,-0.11377,0.99048,0.0,1.0,0.9531,0.95119,-0.01045,0.11653,1471.9742,1252.01526
-0.07585,-2.33205,0.98708,0.0,1.0,0.9486,0.94658,-0.0188,0.02656,3766.0203,3602.41846
0.70463,-0.77908,0.99158,-0.0,1.0,0.9466,0.9462,-0.00812,0.22132,1396.1781,1305.93323
0.8635,0.35715,0.99208,-0.0,1.0,0.9468,0.94629,-0.00723,-0.10158,1545.505,1331.13013
0.22315,-3.08836,0.99108,0.0,1.0,0.9441,0.94214,-0.00493,-0.00597,1467.4806,1473.14844
0.72093,-0.30714,0.99208,0.0,1.0,0.9429,0.94146,-0.00931,0.2737,885.9792,733.84302
0.67374,-0.7135,0.99038,0.0,1.0,0.94,0.93835,-0.00976,-0.06142,604.20087,575.96698
0.56991,-1.47878,0.99134,0.0,1.0,0.9349,0.93181,-0.0098,-0.07501,566.86945,681.4707
0.26184,-2.32356,0.99208,-0.0,1.0,0.9332,0.93409,-0.00819,-0.3193,3164.2908,1947.3418
0.65117,-1.32495,0.98719,-0.0,1.0,0.9327,0.93122,-0.00847,-0.01735,596.5635,437.70114
0.41196,-4.84467,0.98812,0.0,1.0,0.9284,0.92588,-0.00569,0.07411,982.23755,880.82269
-1.09012,-7.06781,0.98856,0.0,1.0,0.9239,0.92321,-0.02607,0.18252,32665.28,38860.03516
0.57273,-1.79363,0.99138,-0.0,1.0,0.92,0.91787,-0.01509,-0.32582,732.2832,659.44617
0.21284,-2.03753,0.97988,-0.0,1.0,0.9142,0.91106,-0.01945,-0.00996,2626.9993,2424.10059
-0.34996,-4.38164,0.99188,-0.0,1.0,0.9075,0.90438,-0.01241,0.07183,7480.538,7715.23145
0.70373,-0.53182,0.98588,0.0,1.0,0.9032,0.90244,-0.00623,0.12665,1067.5028,809.2572
0.51587,-1.28204,0.99103,0.0,1.0,0.9051,0.90774,-0.00889,0.03732,301.36734,266.12439
0.72913,-0.71247,0.98838,0.0,1.0,0.9069,0.90551,-0.00932,-0.20919,830.334,772.00928
0.19525,-3.16305,0.98758,0.0,1.0,0.9035,0.90294,-0.01777,-0.16546,2315.5056,1534.12915
0.76186,-0.20357,0.99088,-0.0,1.0,0.9015,0.89971,-0.00517,0.07698,975.74365,757.95868
-0.44141,-4.84327,0.98815,0.0,1.0,0.8976,0.89639,-0.01874,-0.14321,10367.292,7824.02979
0.76723,-0.03224,0.98938,0.0,1.0,0.8956,0.8944,-0.01201,-0.03824,773.6681,762.05396
-0.20963,-3.36236,0.98879,0.0,1.0,0.8921,0.889,-0.02149,-0.03048,8236.339,8449.48535
0.61296,-1.2793,0.9853,0.0,1.0,0.8886,0.88795,-0.00243,-0.0417,550.6208,563.10889
0.56084,-1.9579,0.99019,0.0,1.0,0.8857,0.8837,-0.00667,0.09481,382.81903,441.58118
-0.09891,-3.51859,0.98254,0.0,1.0,0.8816,0.88003,-0.0059,0.0324,5850.9717,5483.19482
0.4389,-1.479,0.98916,0.0,1.0,0.882,0.88349,-0.00757,0.05901,290.5808,311.72025
-0.02759,-2.11899,0.99048,0.0,1.0,0.8844,0.88462,-0.00621,0.02704,2642.7168,2455.97119
0.36923,-1.74934,0.98939,-0.0,1.0,0.8856,0.88639,-0.01603,0.23836,653.86237,722.35217
0.75352,-1.93675,0.99038,0.0,1.0,0.8864,0.8863,-0.00567,-0.03578,1268.1869,1217.35022
0.41714,-2.62179,0.99067,-0.0,1.0,0.889,0.89117,-0.00693,0.08159,1858.3508,2211.25146
-0.19228,-2.60063,0.98854,0.0,1.0,0.8927,0.89332,-0.00859,-0.0724,2632.4646,2212.68774
0.14159,-2.62098,0.99078,0.0,1.0,0.89,0.88721,-0.00851,0.18855,1357.3733,1442.47852
0.14329,-2.72466,0.98966,0.0,1.0,0.8848,0.88316,-0.01795,-0.00163,2499.7778,2551.2251
0.57547,-0.81601,0.98658,0.0,1.0,0.8824,0.88145,-0.00854,-0.15127,837.26953,704.70343
0.49551,-2.17182,0.99058,0.0,1.0,0.8776,0.87362,-0.00432,-0.02753,548.0735,495.41125
0.80719,-0.20349,0.99131,0.0,1.0,0.8722,0.8723,-0.01071,-0.02281,1663.6179,1506.50781
0.84271,0.23131,0.99088,-0.0,1.0,0.8716,0.87058,-0.00679,-0.01967,1404.2164,1145.57874
0.39195,-1.38757,0.99085,0.0,1.0,0.871,0.87139,-0.00737,-0.05982,315.59317,306.01617
0.38232,-2.12391,0.98808,0.0,1.0,0.8689,0.86697,-0.02121,-0.05506,1333.169,1055.77673
0.36209,-1.19239,0.99118,-0.0,1.0,0.8688,0.87103,-0.01311,-0.27313,620.1471,476.05661
0.2774,-1.59752,0.98948,0.0,1.0,0.8709,0.87056,-0.00319,-0.07363,813.463,756.01697
0.32819,-1.29351,0.99065,0.0,1.0,0.8711,0.87165,-0.00397,-0.00286,796.4836,913.86096
0.1466,-4.22911,0.98778,0.0,1.0,0.8698,0.86855,-0.01204,-0.12046,3139.7017,2831.9519
0.32292,-3.33726,0.99021,0.0,1.0,0.8661,0.86524,-0.01387,0.01128,2220.6487,2261.24854
0.80031,-0.60334,0.99008,0.0,1.0,0.864,0.8629,-0.00322,-0.02023,2092.5925,1908.2179
0.52831,-2.61636,0.98961,0.0,1.0,0.8633,0.86303,-0.00316,0.02022,1941.1355,1962.21655
0.41726,-1.1002,0.98685,0.0,1.0,0.8613,0.85983,-0.00436,-0.13906,427.29214,406.49567
0.73454,-0.87853,0.99078,0.0,1.0,0.858,0.85636,-0.00863,-0.16477,1185.2551,1131.16418
0.55941,-0.76846,0.99101,0.0,1.0,0.8536,0.85086,-0.00934,0.12018,271.17798,304.18369
0.36075,-2.40182,0.99078,0.0,1.0,0.8491,0.84714,-0.00391,0.14747,1375.5189,1735.23352
0.41941,-1.43776,0.98728,0.0,1.0,0.8446,0.84298,-0.00447,0.13835,578.5415,636.48975
0.69658,-0.27603,0.98968,0.0,1.0,0.8431,0.84239,-0.00644,0.20663,510.3731,392.2785
0.31009,-3.40162,0.99028,-0.0,1.0,0.8436,0.84523,-0.01107,0.09094,2481.9229,2779.82275
0.07556,-2.78614,0.98563,0.0,1.0,0.8423,0.83907,-0.01604,-0.11093,3304.099,2617.6355
0.70202,-1.20632,0.98908,-0.0,1.0,0.8399,0.84066,-0.00424,-0.13453,854.80365,764.6535
0.4073,-4.1573,0.99168,0.0,1.0,0.8398,0.84004,-0.00458,0.02405,621.2145,511.95383
0.3322,-1.51109,0.98986,-0.0,1.0,0.8365,0.83341,-0.01399,-0.09488,619.04297,566.57349
0.54969,-1.60122,0.98995,-0.0,1.0,0.8332,0.83228,-0.00892,-0.13768,484.64127,509.40997
0.13585,-3.33939,0.98834,-0.0,1.0,0.833,0.83541,-0.01934,0.09664,4246.9624,4659.56055
0.68776,-1.01511,0.98709,0.0,1.0,0.8323,0.82867,-0.00993,0.02474,919.4245,737.98444
0.81296,0.15294,0.98928,0.0,1.0,0.8276,0.82669,-0.00591,-0.07593,1119.1995,953.66614
0.08283,-1.65745,0.98437,-0.0,1.0,0.8271,0.82703,-0.00476,0.15788,1693.9658,1821.65454
0.21693,-2.26637,0.98982,-0.0,1.0,0.8234,0.82042,-0.00386,0.04745,1964.4867,2073.93188
0.54483,-1.04886,0.98415,-0.0,1.0,0.8199,0.8187,-0.00819,0.06242,547.7947,571.71716
0.54376,-1.76091,0.98368,0.0,1.0,0.8188,0.81916,-0.00533,0.09767,398.0542,378.12408
0.71478,-1.01497,0.99028,-0.0,1.0,0.8203,0.82061,-0.00705,-0.06105,873.34045,811.44135
0.42667,-2.09445,0.98786,-0.0,1.0,0.8196,0.81938,-0.00767,-0.00048,865.60175,676.96173
0.53324,-0.70853,0.98792,0.0,1.0,0.8167,0.81467,-0.00659,0.06357,311.95728,241.92961
0.35612,-3.39805,0.99158,0.0,1.0,0.8153,0.81598,-0.01653,-0.05933,1607.0588,1226.18994
0.6329,-0.91914,0.98924,0.0,1.0,0.8143,0.81203,-0.00567,-0.11079,421.1276,483.3663
0.32988,-1.71542,0.98971,0.0,1.0,0.8087,0.80607,-0.0152,0.07551,1105.6486,1119.37195
0.05018,-2.03768,0.98805,-0.0,1.0,0.8044,0.80384,-0.01094,-0.0572,1332.7131,1268.35522
0.86855,0.4663,0.98838,-0.0,1.0,0.8042,0.80504,-0.00891,-0.05245,1333.3607,1083.81091
0.7186,-0.34398,0.99048,0.0,1.0,0.8037,0.80144,-0.01713,-0.26468,591.89813,604.39166
0.70943,-0.50478,0.98698,0.0,1.0,0.8045,0.80744,-0.00334,-0.13794,449.19073,402.52771
0.14036,-2.23329,0.98728,0.0,1.0,0.8041,0.80071,-0.02512,0.02159,2852.9946,2598.45093
0.31846,-2.41038,0.99048,0.0,1.0,0.797,0.79358,-0.00318,-0.1081,1330.5969,862.56763
0.56359,-1.02584,0.98816,0.0,1.0,0.7906,0.78797,-0.01053,0.08736,502.45636,520.12158
-0.28699,-3.61521,0.98818,0.0,1.0,0.7851,0.78309,-0.02107,-0.09908,8844.511,7500.34814
0.81575,0.17006,0.98631,-0.0,1.0,0.7829,0.78289,-0.00729,0.09948,1137.0916,887.01996
-0.11567,-3.8104,0.98998,-0.0,1.0,0.7829,0.78264,-0.00922,-0.18487,7294.132,4925.76318
-0.18507,-3.31144,0.98294,0.0,1.0,0.7817,0.78096,-0.01175,0.18988,6244.6226,6743.58008
0.70599,-0.87864,0.98675,0.0,1.0,0.7801,0.77933,-0.00367,0.00072,890.4498,812.33051
0.6061,-0.47432,0.98668,-0.0,1.0,0.777,0.77523,-0.00838,-0.22017,326.3264,241.25641
-0.08935,-3.20472,0.98828,-0.0,1.0,0.7763,0.77655,-0.01211,-0.23638,5079.949,3090.21851
0.41692,-1.86286,0.99123,-0.0,1.0,0.7772,0.77888,-0.00696,-0.08549,894.7922,976.85016
0.33988,-1.91116,0.98085,0.0,1.0,0.776,0.7739,-0.00438,-0.1192,692.93097,594.08325
-0.50609,-4.76014,0.99008,0.0,1.0,0.7741,0.77356,-0.01128,0.04456,12886.8125,13787.96777
0.03301,-2.78828,0.98458,0.0,1.0,0.7733,0.77219,-0.01335,0.06365,1511.3237,1568.24048
0.05582,-1.96459,0.98136,-0.0,1.0,0.7708,0.76997,-0.01092,0.13012,1177.1602,1310.81006
0.31481,-2.31982,0.98828,-0.0,1.0,0.7676,0.76504,-0.00896,-0.06725,1076.777,1073.07422
0.70046,-0.68637,0.99054,0.0,1.0,0.7641,0.76238,-0.00583,-0.18342,1500.6072,1404.04541
0.66809,-0.87077,0.98778,0.0,1.0,0.762,0.76132,-0.01107,0.05078,823.65314,640.77948
0.59456,-1.45862,0.98675,-0.0,1.0,0.7629,0.76493,-0.00408,0.08852,771.71387,613.37079
0.50525,-1.47335,0.99197,-0.0,1.0,0.7631,0.76121,-0.00532,-0.02764,701.9336,734.14771
0.16676,-2.9784,0.98744,0.0,1.0,0.7604,0.75979,-0.00494,0.0897,2714.0679,2664.19116
0.67863,-0.75824,0.98828,-0.0,1.0,0.7603,0.76032,-0.00798,-0.23364,563.50964,502.39871
0.45981,-1.99445,0.98628,-0.0,1.0,0.7586,0.75777,-0.0094,0.06587,769.88086,653.73267
0.40743,-1.72779,0.98368,-0.0,1.0,0.7534,0.74968,-0.00498,0.06825,886.3572,937.20551
0.76438,-0.702,0.98525,-0.0,1.0,0.7509,0.7522,-0.00905,0.04552,1215.0267,1091.77124
0.29283,-2.42161,0.98858,0.0,1.0,0.7532,0.75372,-0.01236,-0.10714,1639.1628,1601.14709
-0.44592,-4.86606,0.98614,-0.0,1.0,0.7529,0.7538,-0.01863,-0.07918,11032.405,10804.86035
0.54327,-1.01083,0.98981,-0.0,1.0,0.7531,0.75229,-0.00562,-0.09382,453.34467,371.71155
-0.35118,-5.52864,0.99168,-0.0,1.0,0.7502,0.74945,-0.04264,-0.05334,13924.861,13633.14551
0.3939,-4.88549,0.98911,0.0,1.0,0.7498,0.75092,-0.00552,-0.06427,3346.1296,2638.76562
0.57624,-0.4773,0.99118,-0.0,1.0,0.7493,0.74774,-0.00261,0.2941,546.7341,373.38306
0.3966,-3.12844,0.99099,0.0,1.0,0.7439,0.74028,-0.02532,-0.04062,1812.8014,1749.33228
0.84818,0.36328,0.98973,0.0,1.0,0.7396,0.73902,-0.00756,-0.02391,1652.9773,1399.15479
-0.73903,-7.91958,0.99071,-0.0,1.0,0.7365,0.73546,-0.04242,-0.02288,19716.822,23283.5
0.30195,-4.18149,0.99188,-0.0,1.0,0.7335,0.73214,-0.01152,0.16586,1970.6793,2528.09644
0.43477,-2.51182,0.99122,0.0,1.0,0.7335,0.73384,-0.0093,0.17933,2544.996,2953.27197
0.04113,-3.28182,0.98645,-0.0,1.0,0.7355,0.73658,-0.01088,0.06421,1159.5238,1111.66443
0.77738,-0.29161,0.99028,-0.0,1.0,0.7356,0.7348,-0.00404,-0.05814,1690.9581,1475.46436
0.71109,-0.64275,0.98978,-0.0,1.0,0.7317,0.72874,-0.00648,0.08008,728.858,586.98969
-0.0982,-6.4408,0.98958,0.0,1.0,0.7274,0.7263,-0.0097,0.15043,4321.142,4887.06396
0.36531,-1.14686,0.98669,-0.0,1.0,0.7239,0.72122,-0.00755,-0.00222,295.49725,207.43584
0.63735,-1.10182,0.98099,-0.0,1.0,0.722,0.72333,-0.01031,-0.0769,732.4264,704.21179
-0.27394,-3.88918,0.98459,-0.0,1.0,0.726,0.72718,-0.01356,-0.34309,5334.178,3183.69775
0.59446,-0.90758,0.98558,-0.0,1.0,0.7244,0.7213,-0.02019,0.1061,411.1447,305.30756
0.33417,-1.26721,0.98868,-0.0,1.0,0.7187,0.71624,-0.01414,-0.26169,263.3487,255.14087
0.36908,-2.267,0.98408,0.0,1.0,0.7154,0.71521,-0.01845,-0.03956,943.1758,952.61353
0.41118,-1.42182,0.98671,0.0,1.0,0.7111,0.70714,-0.00887,-0.00764,438.41397,390.93842
0.22947,-2.49746,0.98488,-0.0,1.0,0.7035,0.70001,-0.0092,0.16171,1758.1145,1947.59778
0.69868,-0.08816,0.98517,0.0,1.0,0.6998,0.70028,-0.00167,-0.19479,969.3444,868.35938
-0.32932,-3.05757,0.98934,-0.0,1.0,0.6975,0.69514,-0.02,-0.0993,6187.882,5550.81055
0.24534,-1.06989,0.98988,-0.0,1.0,0.6959,0.69622,-0.01418,-0.10086,361.02094,288.9613
-0.36492,-3.92121,0.98444,0.0,1.0,0.6944,0.69245,-0.01577,-0.04648,4388.0547,3921.82812
0.09445,-3.43182,0.98749,0.0,1.0,0.6906,0.68936,-0.01319,0.00473,1099.9978,956.70825
0.7841,-0.10612,0.99038,-0.0,1.0,0.6884,0.68712,-0.00807,-0.10589,2388.2588,2239.66797
0.61457,-1.02429,0.98928,0.0,1.0,0.6876,0.6873,-0.01665,0.08614,1626.7426,1354.08337
0.38239,-1.96084,0.98956,0.0,1.0,0.6846,0.68258,-0.00935,-0.0892,675.6346,734.76447
0.46973,-0.68291,0.97768,0.0,1.0,0.6821,0.68232,-0.00212,-0.08151,478.63483,464.05276
0.57427,-1.40632,0.98595,0.0,1.0,0.6804,0.67933,-0.00515,-0.08391,657.1913,540.16577
-0.41035,-3.68691,0.98033,0.0,1.0,0.6775,0.67431,-0.0169,0.08379,4871.4546,5192.10352
-0.13499,-2.16632,0.98376,0.0,1.0,0.6714,0.66802,-0.0238,0.01204,3546.6157,3322.16895
0.41215,-1.60592,0.98629,0.0,1.0,0.6647,0.6619,-0.01937,-0.11342,331.30057,259.19183
0.62203,-1.11223,0.99208,0.0,1.0,0.6634,0.66461,-0.00788,-0.02462,834.5126,820.11566
-0.25857,-2.96677,0.98979,-0.0,1.0,0.6643,0.66379,-0.01295,-0.22927,6292.653,4717.06787
0.42043,-1.02915,0.98924,-0.0,1.0,0.6607,0.6579,-0.00801,-0.13032,386.56464,414.4809
0.39719,-2.03493,0.99188,-0.0,1.0,0.6584,0.65777,-0.0033,-0.01946,921.20544,822.8208
0.30307,-1.18133,0.98221,-0.0,1.0,0.6541,0.65025,-0.01271,0.12795,458.94052,295.06073
0.68962,-0.26423,0.99111,-0.0,1.0,0.6532,0.65591,-0.01103,0.11428,1073.4509,843.01569
0.19536,-1.15182,0.9761,-0.0,1.0,0.6558,0.6556,-0.00674,0.02861,539.51624,518.85461
0.44509,-0.97743,0.99113,0.0,1.0,0.6538,0.65183,-0.0077,0.00588,455.0541,411.71259
0.43912,-0.96745,0.99018,-0.0,1.0,0.6526,0.65352,-0.01137,0.12751,441.22357,521.60065
0.54157,-0.31216,0.98389,0.0,1.0,0.6518,0.64988,-0.00864,-0.174,143.82846,83.18117
-0.26531,-3.32668,0.98743,-0.0,1.0,0.6488,0.64695,-0.01014,0.04583,9189.418,9638.49512
-0.30229,-3.83267,0.99198,-0.0,1.0,0.643,0.63976,-0.02032,-0.25707,10766.289,7851.28125
-0.03408,-1.75299,0.98992,-0.0,1.0,0.6372,0.63443,-0.00485,0.03795,1602.0035,1569.60022
0.05722,-2.56137,0.98848,0.0,1.0,0.635,0.6347,-0.01142,-0.0058,1491.0106,1360.21362
0.02334,-1.86818,0.99078,0.0,1.0,0.634,0.63421,-0.01675,-0.0033,948.8392,879.93604
0.43128,-1.38195,0.98293,-0.0,1.0,0.6324,0.63007,-0.013,-0.05946,988.61505,893.80225
0.69175,-1.00562,0.99058,0.0,1.0,0.6302,0.63116,-0.00534,0.02495,2056.0774,1791.6615
0.5724,-0.70727,0.9879,-0.0,1.0,0.6293,0.62753,-0.00378,0.18469,494.7748,299.74838
0.65069,-0.91926,0.98761,0.0,1.0,0.6291,0.63042,-0.0059,-0.13968,794.44653,873.43353
0.79243,-0.12903,0.99048,-0.0,1.0,0.6299,0.62787,-0.01052,-0.29626,993.985,964.14514
0.43783,-1.03488,0.99014,0.0,1.0,0.6269,0.62691,-0.01153,-0.09125,842.3586,627.80109
0.05543,-2.00575,0.98695,-0.0,1.0,0.6239,0.62106,-0.01799,-0.01239,2122.0632,2258.85034
0.77197,0.00869,0.98644,-0.0,1.0,0.6203,0.61936,-0.00594,-0.01032,1225.258,1128.58972
0.39052,-1.79782,0.98048,-0.0,1.0,0.6157,0.61202,-0.00393,0.15783,689.26337,758.38031
0.13353,-1.56405,0.99028,-0.0,1.0,0.6096,0.60625,-0.02988,-0.0843,935.6268,721.06647
-0.23765,-4.57163,0.98651,0.0,1.0,0.6027,0.59956,-0.02775,0.25733,3515.8892,5270.46777
-0.02303,-1.93506,0.98718,0.0,1.0,0.5961,0.59365,-0.02858,-0.00294,1030.432,843.63318
-0.48013,-3.07937,0.98508,0.0,1.0,0.5974,0.60075,-0.02802,0.019,6466.061,6975.67432
0.54604,-0.84173,0.99105,-0.0,1.0,0.6005,0.59923,-0.0082,-0.20269,1277.8297,1267.35632
0.75091,-0.33028,0.98928,-0.0,1.0,0.5992,0.5984,-0.0118,0.08981,2311.261,1899.03748
0.43394,-1.7311,0.98768,0.0,1.0,0.5949,0.59152,-0.00887,0.07583,725.6044,667.2287
0.78036,-0.40996,0.98638,0.0,1.0,0.5924,0.59382,-0.00709,-0.14708,1580.7947,1578.64685
-0.17222,-3.3404,0.98588,0.0,1.0,0.5921,0.59062,-0.01403,-0.15757,4292.5234,3705.31641
0.55401,-1.84182,0.99042,-0.0,1.0,0.5895,0.58911,-0.00643,-0.16567,721.2889,673.4679
0.78797,-0.17352,0.98768,0.0,1.0,0.589,0.58879,-0.00407,-0.12856,1192.7561,1049.33215
0.71809,-0.36305,0.9859,-0.0,1.0,0.5886,0.58924,-0.00608,-0.22346,637.01855,545.43109
0.30895,-1.4549,0.98388,-0.0,1.0,0.5873,0.58631,-0.02831,-0.17794,812.42224,509.13321
0.4971,-1.18208,0.98706,-0.0,1.0,0.59,0.59347,-0.0051,-0.06732,628.5109,689.71228
0.71229,-1.16141,0.98988,0.0,1.0,0.5906,0.58734,-0.00985,-0.07176,490.13477,374.15302
0.66411,-0.53689,0.98928,0.0,1.0,0.5895,0.59186,-0.00332,0.19705,536.77057,692.51685
-0.24121,-4.21934,0.98828,0.0,1.0,0.5929,0.59329,-0.03652,-0.08466,13318.891,12675.07617
0.66561,-0.50415,0.98639,0.0,1.0,0.5896,0.58723,-0.01692,0.03391,479.4808,377.6329
0.64859,-0.60492,0.98424,-0.0,1.0,0.586,0.58458,-0.0122,-0.09768,355.86572,394.48291
0.24747,-1.29022,0.98226,0.0,1.0,0.582,0.5798,-0.0106,-0.17559,1086.7991,689.57678
0.48836,-1.01832,0.98246,0.0,1.0,0.5766,0.57377,-0.01015,0.05319,461.72705,440.14154
0.51292,-0.90177,0.98083,0.0,1.0,0.5718,0.56986,-0.00589,0.13971,590.3949,589.58466
0.66919,-0.96357,0.98852,0.0,1.0,0.5679,0.5668,-0.00424,-0.03745,396.47745,366.19852
0.58846,-0.80464,0.98818,0.0,1.0,0.5695,0.57115,-0.01518,0.07673,424.26065,485.26025
0.35244,-2.48695,0.98978,0.0,1.0,0.571,0.57126,-0.01446,-0.00823,1585.0295,1476.35254
0.57172,-2.01781,0.99033,0.0,1.0,0.5697,0.56796,-0.01412,-0.01849,485.16693,530.95581
0.6407,-0.7475,0.9865,-0.0,1.0,0.5682,0.56726,-0.00656,0.12217,334.22693,306.68066
-0.08702,-3.93932,0.98438,0.0,1.0,0.5653,0.56425,-0.01309,0.01762,3211.352,3016.90356
0.65369,-1.30791,0.99018,0.0,1.0,0.5635,0.56291,-0.00251,-0.04629,428.64716,339.51437
0.75501,-0.42447,0.98516,0.0,1.0,0.5598,0.55757,-0.00858,0.19185,557.2209,483.60474
0.4269,-2.52623,0.99018,-0.0,1.0,0.5544,0.55191,-0.02135,-0.0318,1302.5964,1275.15576
0.19477,-3.45318,0.98346,0.0,1.0,0.5493,0.54754,-0.01485,-0.14795,2445.3062,1712.1145
0.85636,0.3024,0.99218,-0.0,1.0,0.5471,0.54665,-0.00814,-0.02182,1079.3572,936.68536
0.76251,0.04853,0.99088,0.0,1.0,0.5458,0.54534,-0.00361,-0.11987,448.34473,357.20624
0.8034,-0.39488,0.99168,0.0,1.0,0.5441,0.54226,-0.00859,0.12343,409.74432,537.16797
0.81961,-0.10254,0.99021,-0.0,1.0,0.54,0.5376,-0.01081,-0.1022,436.3173,410.78436
0.82723,-0.19929,0.9912,0.0,1.0,0.5383,0.53862,-0.00681,-0.011,527.6872,362.93417
0.16466,-2.77,0.98712,0.0,1.0,0.5366,0.53401,-0.00682,0.06506,1909.1982,1847.06787
0.67788,-0.7052,0.9852,0.0,1.0,0.5316,0.52941,-0.01164,-0.05936,380.9794,491.54791
0.47057,-2.20701,0.98928,0.0,1.0,0.5277,0.52599,-0.00747,0.0508,745.9078,882.62549
0.76055,-0.49695,0.9832,0.0,1.0,0.5263,0.52669,-0.00622,0.09776,468.27863,525.04388
0.49991,-1.26182,0.98689,-0.0,1.0,0.5239,0.52067,-0.01403,0.13096,685.15137,627.60468
0.54859,-1.86555,0.98558,-0.0,1.0,0.5172,0.51427,-0.01452,-0.10252,388.38608,364.71716
-0.30753,-2.81178,0.98559,0.0,1.0,0.5137,0.51486,-0.01177,-0.05949,8691.646,7943.34082
0.51475,-1.01787,0.99138,-0.0,1.0,0.5165,0.51734,-0.012,-0.17472,595.27814,495.90729
0.07756,-1.68342,0.98438,0.0,1.0,0.5148,0.51299,-0.01116,0.05484,2627.0266,2392.87256
0.39311,-2.64294,0.98834,0.0,1.0,0.5129,0.51251,-0.00879,-0.05698,1522.8606,1511.96692
0.34072,-1.62376,0.98703,0.0,1.0,0.5105,0.50973,-0.01169,-0.03873,366.18927,354.99597
0.50921,-1.33944,0.97903,0.0,1.0,0.5085,0.50614,-0.01588,0.08861,609.9469,696.62952
0.65546,-0.26519,0.98923,0.0,1.0,0.504,0.50194,-0.00891,0.06952,641.94617,650.15192
0.49941,-1.36425,0.98611,-0.0,1.0,0.4988,0.49587,-0.00835,-0.08042,405.22592,422.92493
0.45908,-1.98632,0.99063,-0.0,1.0,0.4958,0.49665,-0.00858,-0.12133,612.9245,432.08905
0.05108,-3.56586,0.98671,-0.0,1.0,0.4992,0.50079,-0.00996,-0.0513,3345.145,2982.34302
0.60506,-1.9476,0.98133,0.0,1.0,0.4982,0.49653,-0.01104,0.00151,973.7462,851.49048
0.68805,-0.99916,0.99143,-0.0,1.0,0.495,0.49386,-0.00513,-0.03565,517.0547,528.99988
0.3068,-2.93276,0.98828,0.0,1.0,0.4908,0.48862,-0.00301,0.03003,1222.2572,1098.98474
0.34148,-2.47034,0.99031,0.0,1.0,0.492,0.49449,-0.00789,-0.03079,2543.824,2489.60352
0.52076,-1.18451,0.98398,0.0,1.0,0.4913,0.48824,-0.00642,-0.20016,589.3938,607.11292
0.32442,-1.62862,0.98341,0.0,1.0,0.4844,0.4809,-0.01101,0.18009,530.4254,575.63782
0.4055,-1.0937,0.98675,-0.0,1.0,0.4796,0.47819,-0.0075,0.04872,461.8469,448.56952
-0.39406,-3.50791,0.97822,0.0,1.0,0.4758,0.474,-0.01711,-0.13096,7827.114,6242.87305
0.72008,-4.1772,0.98298,-0.0,1.0,0.4727,0.47107,-0.00941,-0.0257,1329.5046,1182.59351
-0.10943,-2.29772,0.98196,-0.0,1.0,0.4722,0.47286,-0.01769,-0.06866,4977.8623,4124.97217
0.2502,-2.28826,0.99024,0.0,1.0,0.4714,0.47108,-0.01845,-0.02787,1456.8033,1611.28625
0.15749,-2.99182,0.98388,-0.0,1.0,0.4713,0.47275,-0.01104,-0.1134,1732.8274,1547.63
0.11103,-3.38229,0.98566,-0.0,1.0,0.4747,0.476,-0.02005,0.1345,2147.1987,2818.68115
0.50936,-1.16296,0.99037,-0.0,1.0,0.4766,0.47664,-0.01432,0.09196,674.58685,588.61383
0.60778,-0.83636,0.98895,-0.0,1.0,0.4751,0.47435,-0.01054,-0.18789,613.5951,514.28656
0.50059,-0.70475,0.98933,0.0,1.0,0.4729,0.47046,-0.00706,-0.04957,262.9936,197.97081
0.69905,-0.46196,0.98829,0.0,1.0,0.4717,0.47421,-0.00376,-0.13969,688.79456,707.21362
0.55012,-1.00756,0.98845,-0.0,1.0,0.4739,0.47324,-0.00861,0.14947,240.31082,212.37491
0.58795,-5.0487,0.99068,-0.0,1.0,0.4737,0.47634,-0.00992,0.10184,674.11945,663.3103
0.22839,-5.23815,0.98918,0.0,1.0,0.477,0.47639,-0.02559,-0.09931,1380.4827,1182.08508
0.51603,-1.14398,0.98618,-0.0,1.0,0.478,0.47976,-0.01338,-0.16748,392.63663,349.43622
0.62423,-4.87636,0.98933,0.0,1.0,0.4808,0.48088,-0.01179,0.11197,886.326,1131.03479
0.50639,-1.65632,0.98939,0.0,1.0,0.4811,0.48025,-0.00814,-0.14482,747.3787,523.45886
-0.23992,-5.21034,0.99158,0.0,1.0,0.478,0.47651,-0.01204,-0.05332,3669.4312,3367.46338
0.08128,-4.26658,0.98519,0.0,1.0,0.4775,0.47862,-0.0152,-0.24272,3250.3289,2198.77588
0.44703,-1.27326,0.98308,0.0,1.0,0.4756,0.47233,-0.00866,0.04756,440.82773,413.27908
0.32736,-1.69256,0.98478,0.0,1.0,0.4704,0.46835,-0.00869,0.04565,579.5316,427.67694
0.1847,-1.51546,0.98264,-0.0,1.0,0.4648,0.46195,-0.0104,0.09708,1166.802,1179.776
0.17932,-1.79923,0.98786,-0.0,1.0,0.4634,0.4641,-0.01648,-0.10887,1091.2966,727.06525
-0.0272,-2.27829,0.98218,-0.0,1.0,0.466,0.46793,-0.00978,0.14613,929.80945,1009.80579
0.45659,-1.48059,0.98543,-0.0,1.0,0.4671,0.46587,-0.00549,-0.13661,792.1416,656.63501
0.18492,-1.76182,0.98218,0.0,1.0,0.4652,0.46386,-0.01946,0.10399,911.8202,932.64099
0.4299,-1.15546,0.98971,0.0,1.0,0.4646,0.46439,-0.0145,-0.04182,658.7593,601.74597
-0.12418,-3.54968,0.98538,-0.0,1.0,0.462,0.45978,-0.01808,0.04146,2918.146,2982.14648
0.12174,-2.08817,0.98408,-0.0,1.0,0.4571,0.45446,-0.0046,-0.01706,1652.8534,1498.61108
0.09435,-3.07397,0.98102,0.0,1.0,0.4511,0.44784,-0.00969,-0.00818,2938.3647,3062.3418
0.73666,-0.31467,0.98794,-0.0,1.0,0.4459,0.44427,-0.00628,0.07358,2199.6946,1840.51636
0.08189,-3.48877,0.9835,0.0,1.0,0.4419,0.44047,-0.02803,-0.02732,1273.2227,1138.16602
0.1543,-2.33847,0.98569,0.0,1.0,0.4437,0.44694,-0.00826,-0.13124,990.31506,971.6731
0.15144,-1.89903,0.98958,0.0,1.0,0.4444,0.44105,-0.01129,-0.24449,371.95267,291.15421
0.17073,-1.83498,0.97968,0.0,1.0,0.4425,0.44403,-0.00908,0.04533,946.4872,1052.67798
0.59414,-1.11881,0.98479,0.0,1.0,0.446,0.44782,-0.01411,-0.05963,1453.735,1186.22607
0.28969,-2.71175,0.98982,-0.0,1.0,0.4462,0.44521,-0.01092,0.23013,1028.3677,1091.71399
0.67163,-1.12343,0.99023,-0.0,1.0,0.4429,0.44066,-0.00717,-0.19136,909.75586,813.50494
0.3328,-2.16504,0.98486,0.0,1.0,0.4391,0.43814,-0.01209,0.0569,1320.6613,1438.22791
0.56248,-0.75885,0.98899,0.0,1.0,0.4361,0.43343,-0.01147,-0.07366,716.5834,599.4563
0.27319,-1.93958,0.99008,-0.0,1.0,0.432,0.43215,-0.02246,0.1894,1009.8855,1137.13281
0.15213,-2.47182,0.98928,-0.0,1.0,0.4299,0.4289,-0.01107,0.01123,2552.8462,2208.98267
0.5719,-1.59041,0.99188,-0.0,1.0,0.4298,0.43045,-0.00698,0.1406,1643.1106,1344.52319
0.84131,-0.72176,0.99208,-0.0,1.0,0.4303,0.42947,-0.00868,-0.05688,1900.4365,1606.91309
0.78849,-0.1235,0.99064,0.0,1.0,0.4291,0.42805,-0.00709,0.09945,988.4415,806.97168
0.29293,-3.14746,0.98598,0.0,1.0,0.426,0.42491,-0.02986,0.08595,834.4549,1093.58582
-0.39827,-4.35579,0.99128,0.0,1.0,0.4231,0.42261,-0.02278,0.0443,5444.529,5784.28271
0.68966,-0.35152,0.98881,-0.0,1.0,0.42,0.41784,-0.00795,0.19894,809.3434,662.72864
-0.46078,-3.24318,0.98862,0.0,1.0,0.4153,0.41341,-0.03255,-0.05261,5300.3877,4518.30322
0.67853,-0.45267,0.98929,-0.0,1.0,0.4134,0.41319,-0.00696,-0.08667,589.254,553.40729
0.78803,0.04486,0.98998,0.0,1.0,0.4112,0.40939,-0.0052,-0.09128,637.18304,485.55566
0.79326,-0.16108,0.98758,-0.0,1.0,0.4108,0.41223,-0.00626,0.07861,592.4574,552.57733
0.62116,-1.21923,0.98966,-0.0,1.0,0.4097,0.4076,-0.00788,-0.03287,479.75455,415.96042
0.57688,-0.77607,0.98505,-0.0,1.0,0.4068,0.40558,-0.0154,-0.04861,289.1939,406.76364
0.80896,-0.62667,0.99078,0.0,1.0,0.4049,0.40363,-0.01097,-0.14917,728.3236,560.73846
-0.42289,-4.79182,0.9852,0.0,1.0,0.4041,0.40403,-0.00963,0.04707,8474.805,8706.87695
0.1445,-2.9605,0.98964,-0.0,1.0,0.4024,0.40149,-0.01134,-0.13383,994.0419,640.79871
-0.43305,-4.20439,0.98502,0.0,1.0,0.4009,0.39929,-0.01191,0.05139,5002.458,3853.69897
-0.10178,-2.40332,0.9892,-0.0,1.0,0.3997,0.39937,-0.01605,0.06852,4113.671,4497.32715
0.17835,-3.7455,0.98918,-0.0,1.0,0.3994,0.39984,-0.01165,-0.07711,1867.6946,1390.94385
0.37699,-1.42036,0.99086,-0.0,1.0,0.4008,0.40246,-0.0026,-0.07489,556.4621,576.47791
0.6806,-0.65345,0.99084,-0.0,1.0,0.4013,0.39945,-0.00996,-0.03297,879.36017,724.20276
0.02488,-2.38357,0.98198,0.0,1.0,0.4006,0.40345,-0.02058,-0.13521,1735.9851,1314.58105
-1.30276,-3.84588,0.98299,-0.0,1.0,0.4011,0.39868,-0.01367,0.12171,20211.473,19998.23633
0.2964,-1.36261,0.98933,0.0,1.0,0.3974,0.39664,-0.00879,-0.2028,506.21545,519.84259
0.45276,-2.04167,0.9891,0.0,1.0,0.395,0.39378,-0.01234,-0.1654,1254.3477,1063.92358
-0.32671,-3.96206,0.98358,0.0,1.0,0.3928,0.3932,-0.02814,-0.02516,7200.1733,6721.46289
0.68549,-3.72298,0.98848,-0.0,1.0,0.3921,0.39095,-0.01539,0.06013,1369.1973,1204.52393
0.15353,-2.91392,0.99068,0.0,1.0,0.3897,0.38842,-0.00809,0.05543,2781.439,3482.11792
-1.30168,-4.05525,0.98428,0.0,1.0,0.388,0.38806,-0.04863,-0.04758,27308.133,26679.46094
0.77624,-0.42156,0.98938,0.0,1.0,0.3883,0.38913,-0.00673,-0.2126,2297.6985,2221.57959
0.63414,-0.898,0.98724,-0.0,1.0,0.3892,0.38843,-0.0055,-0.02774,987.034,912.93683
0.53931,-1.84157,0.99178,0.0,1.0,0.3853,0.38274,-0.00881,-0.01898,797.4953,710.8559
0.53447,-1.52205,0.98988,0.0,1.0,0.3796,0.37727,-0.01063,0.25633,678.14465,749.57654
